Timestamp,Inlet Flow (L/min),Outlet Flow (L/min)
2024-02-01 00:00:00,10.944773658173224,6.726994802183817
2024-02-01 00:10:00,11.352974176415513,8.756055192924311
2024-02-01 00:20:00,18.36162295081978,16.18080524275933
2024-02-01 00:30:00,13.62276609192896,9.705254544231817
2024-02-01 00:40:00,14.9641138697586,14.703924449709884
2024-02-01 00:50:00,18.441913597229743,15.316753109086266
2024-02-01 01:00:00,10.016977230172989,9.765831259537071
2024-02-01 01:10:00,15.074520289568415,12.904357848030669
2024-02-01 01:20:00,17.548471829004306,14.037748933067236
2024-02-01 01:30:00,12.501074243387695,9.503254316031073
2024-02-01 01:40:00,18.32946436004741,16.041880643755086
2024-02-01 01:50:00,19.46559518688551,15.009210063406872
2024-02-01 02:00:00,10.094377549665115,8.588007172933652
2024-02-01 02:10:00,12.79130070290308,8.621210891526303
2024-02-01 02:20:00,16.93015219268689,16.787679163844984
2024-02-01 02:30:00,17.738094606888446,17.296220284680995
2024-02-01 02:40:00,16.234572325778615,16.010355423024627
2024-02-01 02:50:00,14.85956486349476,13.795078924219071
2024-02-01 03:00:00,10.895791375048642,9.039714647860182
2024-02-01 03:10:00,15.554073967987936,14.389130203833421
2024-02-01 03:20:00,10.685387553000366,10.132558267174488
2024-02-01 03:30:00,14.549020583963664,11.633476602401315
2024-02-01 03:40:00,19.884992942003805,15.945180024478802
2024-02-01 03:50:00,15.490806926039697,15.072346124948163
2024-02-01 04:00:00,19.930263038282938,18.300547999237388
2024-02-01 04:10:00,19.90511732467705,17.95331965094185
2024-02-01 04:20:00,15.00022162008401,11.662647864962231
2024-02-01 04:30:00,10.126694828860696,8.097948770779539
2024-02-01 04:40:00,13.8823467484765,12.724919300333118
2024-02-01 04:50:00,16.451054700528733,15.74888963121516
2024-02-01 05:00:00,14.549831563327231,13.308402907826808
2024-02-01 05:10:00,19.084355277958952,14.26433401510886
2024-02-01 05:20:00,13.811730919321075,9.902954111710361
2024-02-01 05:30:00,19.33252721480681,19.07300490310605
2024-02-01 05:40:00,14.339597062869917,11.798200252989762
2024-02-01 05:50:00,17.76815456255686,14.872845653019663
2024-02-01 06:00:00,17.76364015579491,16.764822210895893
2024-02-01 06:10:00,16.253354900647977,14.287483807315718
2024-02-01 06:20:00,10.646142706237498,8.468753726684568
2024-02-01 06:30:00,11.465010469963547,6.920994940918657
2024-02-01 06:40:00,15.869277807196072,12.301235385680293
2024-02-01 06:50:00,19.430233498780055,16.773967730846614
2024-02-01 07:00:00,19.080753233142772,17.096580827502695
2024-02-01 07:10:00,12.487207076723697,10.074028351535393
2024-02-01 07:20:00,13.678403308086828,12.373805580798141
2024-02-01 07:30:00,17.465993989575427,17.402639219053555
2024-02-01 07:40:00,12.20020575844303,9.516676465353186
2024-02-01 07:50:00,12.91320700325258,9.698127081553361
2024-02-01 08:00:00,10.17717189977385,9.998039829025918
2024-02-01 08:10:00,14.68167457672909,13.577279200749688
2024-02-01 08:20:00,14.775285096003067,12.466503819380943
2024-02-01 08:30:00,10.246278697075427,5.766507217855024
2024-02-01 08:40:00,18.449588795403884,15.188424646405199
2024-02-01 08:50:00,14.823038493150765,10.088218429939555
2024-02-01 09:00:00,11.631998653132392,10.358776426350074
2024-02-01 09:10:00,10.464865548968808,9.284145649398424
2024-02-01 09:20:00,15.661964637771064,15.329799417668095
2024-02-01 09:30:00,10.992508310042844,9.71549778936016
2024-02-01 09:40:00,19.79990755395159,17.793674888196193
2024-02-01 09:50:00,10.91079697983469,9.952512067348065
2024-02-01 10:00:00,12.36767608872388,7.658680752720626
2024-02-01 10:10:00,14.822886869217758,13.902740424865046
2024-02-01 10:20:00,17.976657376148548,13.229525298817677
2024-02-01 10:30:00,11.797845933053125,7.432394489795748
2024-02-01 10:40:00,12.030261402242294,8.465349226161646
2024-02-01 10:50:00,11.762620036434159,6.918204262583113
2024-02-01 11:00:00,12.887483977535537,11.600791063321637
2024-02-01 11:10:00,16.95909708759028,15.021765766777774
2024-02-01 11:20:00,15.45468946042119,13.378059320553422
2024-02-01 11:30:00,12.040856299014763,9.401205013500169
2024-02-01 11:40:00,13.158321958822583,8.266992989844319
2024-02-01 11:50:00,19.34532913875625,15.063718368935808
2024-02-01 12:00:00,12.660269937658146,12.00757930786005
2024-02-01 12:10:00,10.492282203591838,7.260769412214753
2024-02-01 12:20:00,17.589428348820224,12.993269229028714
2024-02-01 12:30:00,19.707850146720464,15.160335532309368
2024-02-01 12:40:00,10.586139485414028,6.207055644558429
2024-02-01 12:50:00,11.169314912430483,7.649499571620989
2024-02-01 13:00:00,15.292082470222752,11.809871540708581
2024-02-01 13:10:00,10.88376460780205,10.30702121710504
2024-02-01 13:20:00,10.553829332635585,10.329346497423577
2024-02-01 13:30:00,11.198394550733575,8.335578719992501
2024-02-01 13:40:00,17.045125944276695,14.473648827979563
2024-02-01 13:50:00,11.956307969262072,11.352267292969435
2024-02-01 14:00:00,10.884995762797333,10.417008110262906
2024-02-01 14:10:00,12.3344072656586,10.660888009162889
2024-02-01 14:20:00,17.492177699535368,16.65690568169208
2024-02-01 14:30:00,18.21194658888244,14.990205022709217
2024-02-01 14:40:00,12.643329110533255,12.369938170081806
2024-02-01 14:50:00,12.162263006224705,10.121875197141945
2024-02-01 15:00:00,15.09092039761394,12.756318606657477
2024-02-01 15:10:00,15.638152051330675,11.732113641557827
2024-02-01 15:20:00,11.624162729669873,9.462376634201023
2024-02-01 15:30:00,14.539453236158463,10.613961210986512
2024-02-01 15:40:00,14.919854887296651,10.736611784943126
2024-02-01 15:50:00,17.3945073898229,14.540147602134935
2024-02-01 16:00:00,19.612789519913246,14.982649353173226
2024-02-01 16:10:00,12.180071172094895,9.580219781026392
2024-02-01 16:20:00,15.963548995877801,13.375003468824566
2024-02-01 16:30:00,16.095398421736764,11.965852219352385
2024-02-01 16:40:00,12.135356139829451,7.440719606544465
2024-02-01 16:50:00,17.99959078826683,13.142537450408103
2024-02-01 17:00:00,16.856023301780834,15.800796073117926
2024-02-01 17:10:00,11.994893849482768,10.40831278428098
2024-02-01 17:20:00,10.179840651956106,6.447278262358095
2024-02-01 17:30:00,12.181654186282866,7.773037926642839
2024-02-01 17:40:00,16.198571442485505,13.480543347123
2024-02-01 17:50:00,16.587374062883317,15.788324701827761
2024-02-01 18:00:00,15.303476199979633,11.560662887824632
2024-02-01 18:10:00,11.319023392230822,6.4898095117499635
2024-02-01 18:20:00,15.623806010476063,15.423057535121924
2024-02-01 18:30:00,18.783066486542094,14.75159007772129
2024-02-01 18:40:00,13.60861883284688,10.540936718595603
2024-02-01 18:50:00,12.749142220177045,8.308544621625021
2024-02-01 19:00:00,19.832199886982252,15.934309247877794
2024-02-01 19:10:00,12.309722099514339,10.364871664173148
2024-02-01 19:20:00,17.498554156360033,14.07997094898744
2024-02-01 19:30:00,13.283806815703041,11.831276663498608
2024-02-01 19:40:00,12.179007928024264,7.182654840586494
2024-02-01 19:50:00,10.00431140663286,6.5093420987928665
2024-02-01 20:00:00,13.47951872530778,9.337672923277117
2024-02-01 20:10:00,18.541575600689033,18.247066623485484
2024-02-01 20:20:00,15.735735302481611,10.846346125813028
2024-02-01 20:30:00,11.874248711146482,10.77376088656159
2024-02-01 20:40:00,15.796346180660205,11.132153641290767
2024-02-01 20:50:00,13.910214476257387,8.96782305560879
2024-02-01 21:00:00,15.126530816315096,13.235415945519069
2024-02-01 21:10:00,10.9351952320635,8.020095253898964
2024-02-01 21:20:00,18.184460077778336,13.734920309462979
2024-02-01 21:30:00,18.62887029007702,15.430392227849325
2024-02-01 21:40:00,10.364302208904125,6.046670246180891
2024-02-01 21:50:00,19.672160499829552,19.097853241542808
2024-02-01 22:00:00,16.53288060208828,11.565388363414144
2024-02-01 22:10:00,10.197427896606804,7.914901173982387
2024-02-01 22:20:00,17.402270150127894,12.7329925373214
2024-02-01 22:30:00,14.921348545025783,14.728714513708553
2024-02-01 22:40:00,14.955584878391122,10.761992399250765
2024-02-01 22:50:00,12.954873515030298,9.564889168946678
2024-02-01 23:00:00,13.566702174826526,10.662590799603896
2024-02-01 23:10:00,19.365636882979363,17.0791779769239
2024-02-01 23:20:00,16.717759013687942,13.396939916412684
2024-02-01 23:30:00,16.372344305861766,15.43934313514555
2024-02-01 23:40:00,18.700612024010454,18.425402255266135
2024-02-01 23:50:00,16.998016491264586,15.24870538868573
2024-02-02 00:00:00,15.384160224034574,11.53600161290073
2024-02-02 00:10:00,16.367161205897716,14.451117668428054
2024-02-02 00:20:00,18.258532757626803,17.661655667756783
2024-02-02 00:30:00,15.07173087802571,14.811393092211981
2024-02-02 00:40:00,15.517454535375013,14.434774315973065
2024-02-02 00:50:00,18.910239642857242,16.198669301125086
2024-02-02 01:00:00,14.594287704289034,10.37586967208816
2024-02-02 01:10:00,11.928488141189275,9.622799837259233
2024-02-02 01:20:00,17.754740530055066,13.159080238285917
2024-02-02 01:30:00,12.186177812559983,10.433406705207355
2024-02-02 01:40:00,10.831478134527275,10.814738614531535
2024-02-02 01:50:00,15.07581675291252,12.016561165279434
2024-02-02 02:00:00,19.606489801677682,15.243550558874981
2024-02-02 02:10:00,11.317736122877808,9.374507159269672
2024-02-02 02:20:00,19.854960247184355,19.510644747451877
2024-02-02 02:30:00,11.4450780473652,10.403418463490564
2024-02-02 02:40:00,17.22718172841459,14.994542181320357
2024-02-02 02:50:00,15.620436139908993,12.64402806998347
2024-02-02 03:00:00,14.001965483360918,9.67208999827486
2024-02-02 03:10:00,16.765957447182046,12.349547845509505
2024-02-02 03:20:00,14.722782386701113,13.019188595003147
2024-02-02 03:30:00,12.533341658472615,9.803473787848656
2024-02-02 03:40:00,11.466799364601764,7.582085063709804
2024-02-02 03:50:00,15.664486837990635,15.387128188077027
2024-02-02 04:00:00,19.29981934123598,16.76619083138668
2024-02-02 04:10:00,16.009731530950255,11.045510873985098
2024-02-02 04:20:00,17.380444307001987,16.575318144975974
2024-02-02 04:30:00,17.36641085752961,16.48318482862059
2024-02-02 04:40:00,17.61167945507159,14.742494427105056
2024-02-02 04:50:00,10.68539784464906,10.195273290832972
2024-02-02 05:00:00,15.435524676797387,14.850180874991294
2024-02-02 05:10:00,13.00191010554909,12.40764926403818
2024-02-02 05:20:00,13.005628430207508,12.298112787703717
2024-02-02 05:30:00,17.965274745666697,15.651054909705548
2024-02-02 05:40:00,14.731580535534398,12.87285637563365
2024-02-02 05:50:00,10.564066079533097,6.961736594291592
2024-02-02 06:00:00,16.12241624096833,15.446507930607964
2024-02-02 06:10:00,18.348176738362916,14.899786419582092
2024-02-02 06:20:00,12.430120403878657,11.426191701114083
2024-02-02 06:30:00,12.379958507624224,9.000751512910737
2024-02-02 06:40:00,14.173142815788012,12.568004067409586
2024-02-02 06:50:00,11.649369434143697,7.013763602324752
2024-02-02 07:00:00,17.28828688606073,15.855041313142111
2024-02-02 07:10:00,17.253087609913084,16.89568276758286
2024-02-02 07:20:00,11.642142709865881,8.341427789601443
2024-02-02 07:30:00,14.90165752798871,11.598668280069475
2024-02-02 07:40:00,17.70517881733408,15.004094736829016
2024-02-02 07:50:00,12.291830358861164,7.345163382840466
2024-02-02 08:00:00,18.195837238091485,16.041049596903605
2024-02-02 08:10:00,11.398743544138958,7.806511635494143
2024-02-02 08:20:00,17.519338928648,17.27471546844125
2024-02-02 08:30:00,13.872993206302475,13.329857919636542
2024-02-02 08:40:00,17.956082521487993,16.20310157229755
2024-02-02 08:50:00,10.165661398246034,5.9166213749676
2024-02-02 09:00:00,17.459609588426275,13.693550805825733
2024-02-02 09:10:00,17.429542613442607,15.694340630089501
2024-02-02 09:20:00,12.910683979328352,12.750664346188364
2024-02-02 09:30:00,16.680426690363227,14.020774392670361
2024-02-02 09:40:00,18.48158321334486,14.864180414084338
2024-02-02 09:50:00,10.95909302069051,7.28459234021695
2024-02-02 10:00:00,18.086840546149432,15.276931515656093
2024-02-02 10:10:00,12.588792626617845,12.008560044002609
2024-02-02 10:20:00,13.352206353377184,10.908413293335023
2024-02-02 10:30:00,12.339557521828652,11.28892419581523
2024-02-02 10:40:00,19.086518011775706,15.74859163836565
2024-02-02 10:50:00,15.538616922366549,10.957452212299597
2024-02-02 11:00:00,10.414801711694825,9.185995283023882
2024-02-02 11:10:00,12.752024696403476,9.877550083462594
2024-02-02 11:20:00,11.668587217345474,10.554996256798717
2024-02-02 11:30:00,11.569964392143108,8.860416042621967
2024-02-02 11:40:00,10.960504935850254,7.52964978165792
2024-02-02 11:50:00,19.023015998051086,15.194031982075476
2024-02-02 12:00:00,16.874246684537997,14.933517958993612
2024-02-02 12:10:00,17.17137893112595,15.817606639961499
2024-02-02 12:20:00,11.867582225020248,7.638633775979677
2024-02-02 12:30:00,19.644367575175348,16.126065794373634
2024-02-02 12:40:00,18.884177678600086,18.19174338103405
2024-02-02 12:50:00,12.353867568268031,12.05723275253523
2024-02-02 13:00:00,10.779333334343713,9.87715032897073
2024-02-02 13:10:00,13.955291206414765,9.910239575729756
2024-02-02 13:20:00,18.423695355599854,14.93489263702234
2024-02-02 13:30:00,16.007248851186077,12.522914365990458
2024-02-02 13:40:00,14.219439267790278,11.365141013201946
2024-02-02 13:50:00,12.439295765715084,8.412682858184303
2024-02-02 14:00:00,11.18163155058892,8.028247184758019
2024-02-02 14:10:00,17.039129406809923,14.411845111205185
2024-02-02 14:20:00,10.770025604144607,9.223164849145224
2024-02-02 14:30:00,19.151612113544832,16.503876315447833
2024-02-02 14:40:00,19.95729806373582,16.153985712534833
2024-02-02 14:50:00,19.016345971009624,15.223704150590555
2024-02-02 15:00:00,12.556869281988634,11.633944898199848
2024-02-02 15:10:00,15.672030699528499,15.0132921605089
2024-02-02 15:20:00,16.18127478504732,11.41186809643678
2024-02-02 15:30:00,15.517030696021076,15.049848319631067
2024-02-02 15:40:00,10.410165559544485,8.334285724570991
2024-02-02 15:50:00,14.598067547975335,12.476150874859634
2024-02-02 16:00:00,19.63364058698065,15.32123412477992
2024-02-02 16:10:00,10.49924734366931,9.683118754983226
2024-02-02 16:20:00,13.658262402047079,9.84448334192083
2024-02-02 16:30:00,11.106902815739954,8.164721410456934
2024-02-02 16:40:00,18.660886179568266,15.24495976662303
2024-02-02 16:50:00,10.538665011234631,7.416071785304114
2024-02-02 17:00:00,18.798228026991424,15.080276817156365
2024-02-02 17:10:00,17.381489349692075,15.763810116388584
2024-02-02 17:20:00,19.914659997874338,15.742268983371005
2024-02-02 17:30:00,12.096247692336181,11.958602668918843
2024-02-02 17:40:00,19.139801056269594,18.722248195061443
2024-02-02 17:50:00,15.902167171126422,13.78273769958695
2024-02-02 18:00:00,11.934830779550742,10.434668129562874
2024-02-02 18:10:00,12.666838348288222,8.107891342309388
2024-02-02 18:20:00,13.958404541746223,13.584624234957353
2024-02-02 18:30:00,14.108753407166152,10.256332509211026
2024-02-02 18:40:00,19.962715636202372,15.814241863788443
2024-02-02 18:50:00,18.8200147201552,16.864646180065385
2024-02-02 19:00:00,17.804882690097855,14.86169098728571
2024-02-02 19:10:00,13.313016423634998,10.595780226644473
2024-02-02 19:20:00,16.041246372851994,11.534717789244855
2024-02-02 19:30:00,18.71091573824899,17.29748156003091
2024-02-02 19:40:00,16.138298980732948,12.170673771845392
2024-02-02 19:50:00,17.437548462254874,15.478689383703648
2024-02-02 20:00:00,17.083130855680047,14.18758826216488
2024-02-02 20:10:00,12.740747013611431,8.416914239715625
2024-02-02 20:20:00,11.091753077595216,9.291828412996384
2024-02-02 20:30:00,16.314916829842755,13.502706531425304
2024-02-02 20:40:00,12.574038512145144,9.780320542153266
2024-02-02 20:50:00,11.95483125070581,7.910375938252871
2024-02-02 21:00:00,10.35621847249848,9.138760370703363
2024-02-02 21:10:00,13.974342686798511,11.4384618188107
2024-02-02 21:20:00,18.167319609552056,17.4618728851717
2024-02-02 21:30:00,15.17362073204032,14.901196028444748
2024-02-02 21:40:00,15.447389235105522,13.386430335040462
2024-02-02 21:50:00,13.230261024479063,9.220788201142748
2024-02-02 22:00:00,12.712695566748401,12.60513069931125
2024-02-02 22:10:00,15.371584841934231,11.965212722854211
2024-02-02 22:20:00,15.076119087655318,13.742265008841722
2024-02-02 22:30:00,18.779584912521344,15.686928437000692
2024-02-02 22:40:00,17.752069321504706,14.647830616814622
2024-02-02 22:50:00,19.97164644565147,19.64464456575584
2024-02-02 23:00:00,11.50723214608373,11.139304787709655
2024-02-02 23:10:00,16.244377036560856,15.319568589896456
2024-02-02 23:20:00,14.792528999063327,11.535589080674335
2024-02-02 23:30:00,13.102493125717508,9.715132105948777
2024-02-02 23:40:00,16.030237853763612,12.596844306078124
2024-02-02 23:50:00,19.185547363143684,16.14976871358412
2024-02-03 00:00:00,12.327422210090141,12.26049754594338
2024-02-03 00:10:00,16.434239711416996,15.48271907116116
2024-02-03 00:20:00,12.063340391231893,11.41895852336377
2024-02-03 00:30:00,13.28602820388492,12.438410339052115
2024-02-03 00:40:00,16.109952324186782,14.192960858007652
2024-02-03 00:50:00,10.884030565443766,7.290707592342194
2024-02-03 01:00:00,17.94268053264799,17.326268041219194
2024-02-03 01:10:00,15.164667939505101,12.252012266693152
2024-02-03 01:20:00,16.488551998830268,12.390453207159092
2024-02-03 01:30:00,15.694008944678234,11.588934395136452
2024-02-03 01:40:00,14.615591421826116,10.3776921903731
2024-02-03 01:50:00,15.261200973681383,11.227826260094615
2024-02-03 02:00:00,12.271439551397814,8.068256749229203
2024-02-03 02:10:00,19.300784168864695,17.259124675486614
2024-02-03 02:20:00,17.86548945622377,17.219056698681452
2024-02-03 02:30:00,11.707203248899159,8.366483305207618
2024-02-03 02:40:00,12.80097346523393,10.444458900998415
2024-02-03 02:50:00,15.761568344523496,15.04114430950699
2024-02-03 03:00:00,18.56821805195922,14.14029672402805
2024-02-03 03:10:00,11.977185601610623,9.229387923205135
2024-02-03 03:20:00,10.365953172750638,8.772745559684514
2024-02-03 03:30:00,15.997698636209671,14.911434137054094
2024-02-03 03:40:00,13.626335321851492,8.882801318629134
2024-02-03 03:50:00,19.431314419807457,17.966120210936992
2024-02-03 04:00:00,11.719589650003691,11.552657829378111
2024-02-03 04:10:00,10.208702645635421,9.767371067086579
2024-02-03 04:20:00,11.29569366222955,6.802821079506987
2024-02-03 04:30:00,16.41564345552326,14.296413524670687
2024-02-03 04:40:00,13.12717033557658,9.730571347974763
2024-02-03 04:50:00,19.169406282960438,14.912199266132795
2024-02-03 05:00:00,11.189894938998826,9.611652565078447
2024-02-03 05:10:00,13.627219145336108,13.534713227181863
2024-02-03 05:20:00,10.007863429490053,9.27447213596245
2024-02-03 05:30:00,19.872658919456267,19.12410308926992
2024-02-03 05:40:00,11.613712253263891,10.373383065517558
2024-02-03 05:50:00,12.69106673831816,7.695286742955253
2024-02-03 06:00:00,14.965984981663611,10.266863990848641
2024-02-03 06:10:00,18.09691371173016,14.56055344643975
2024-02-03 06:20:00,12.09323571239294,9.631363900179121
2024-02-03 06:30:00,14.6423083290243,10.161088384843715
2024-02-03 06:40:00,11.201186869737256,8.19553454320319
2024-02-03 06:50:00,11.483607094676474,10.329969731746665
2024-02-03 07:00:00,18.303889577970438,16.395710908376998
2024-02-03 07:10:00,16.02178606759508,15.30962292854051
2024-02-03 07:20:00,13.86298437399978,13.55089549821381
2024-02-03 07:30:00,10.22094756859582,5.786415747310244
2024-02-03 07:40:00,14.1602629992791,13.612788366515542
2024-02-03 07:50:00,11.54442530592904,9.99001581875654
2024-02-03 08:00:00,17.883275383584852,13.849646773244388
2024-02-03 08:10:00,10.780260115445161,6.839638053023523
2024-02-03 08:20:00,13.44767445868024,9.747854236035518
2024-02-03 08:30:00,14.944834757392066,10.582021921930458
2024-02-03 08:40:00,12.67139563328646,11.323301621554268
2024-02-03 08:50:00,12.54895048778198,9.11466026711294
2024-02-03 09:00:00,13.575799417520363,9.709270158780399
2024-02-03 09:10:00,16.217615232182474,13.820186032906218
2024-02-03 09:20:00,14.679815897027934,11.712895826405154
2024-02-03 09:30:00,18.15751195823276,15.674437477673223
2024-02-03 09:40:00,19.64174083208114,16.340894066703022
2024-02-03 09:50:00,13.984626778557413,12.052330443897057
2024-02-03 10:00:00,17.220582050617576,13.892755786536842
2024-02-03 10:10:00,18.690759714559643,14.817832246608145
2024-02-03 10:20:00,19.344169683908863,17.276495992129263
2024-02-03 10:30:00,10.86176399443825,7.805744160636998
2024-02-03 10:40:00,13.108585437192755,9.854477950940147
2024-02-03 10:50:00,11.861022442596443,11.054640436361783
2024-02-03 11:00:00,15.805388783175857,15.099152586032194
2024-02-03 11:10:00,18.663161845785073,17.450322103521902
2024-02-03 11:20:00,17.679229552077853,17.674859879726075
2024-02-03 11:30:00,14.61502905343712,13.60829169212927
2024-02-03 11:40:00,14.405882836150441,13.536877379908185
2024-02-03 11:50:00,10.704941794075857,10.353019254127489
2024-02-03 12:00:00,12.287745580666588,12.061687870132225
2024-02-03 12:10:00,15.64120578684744,11.677143235651085
2024-02-03 12:20:00,18.771198134915068,14.813937176890585
2024-02-03 12:30:00,16.630438147183735,11.823547092493246
2024-02-03 12:40:00,17.30040663546079,15.301013094576195
2024-02-03 12:50:00,18.41978331750648,14.412109956219489
2024-02-03 13:00:00,15.90394806621257,14.119548254723611
2024-02-03 13:10:00,15.802769853438644,13.564296661906827
2024-02-03 13:20:00,16.836323079931283,13.607322900978714
2024-02-03 13:30:00,15.894333167828865,13.871865701210583
2024-02-03 13:40:00,19.76780305612749,16.000458170578685
2024-02-03 13:50:00,18.233875726856805,17.353089803803243
2024-02-03 14:00:00,13.262002532384159,11.678756764096594
2024-02-03 14:10:00,17.4802226731897,13.994694524854474
2024-02-03 14:20:00,14.282981692927677,9.734760329838622
2024-02-03 14:30:00,13.658914539801664,12.612912036286101
2024-02-03 14:40:00,17.830489069228207,14.125251026367806
2024-02-03 14:50:00,11.277218521639394,9.877612611302014
2024-02-03 15:00:00,19.638607519047163,16.866055969741726
2024-02-03 15:10:00,10.682779723334953,9.559762755317621
2024-02-03 15:20:00,12.987197046300345,9.14277745403854
2024-02-03 15:30:00,12.692515791896053,8.494556771970686
2024-02-03 15:40:00,18.85544101576135,15.419087702398244
2024-02-03 15:50:00,16.98817610255799,13.4091391974427
2024-02-03 16:00:00,11.820562574988335,8.372409257398342
2024-02-03 16:10:00,15.282939018625216,11.39875447541278
2024-02-03 16:20:00,11.12192725022145,9.206470418856044
2024-02-03 16:30:00,11.024543846399318,9.30865906838886
2024-02-03 16:40:00,10.647693589758163,9.697796683129438
2024-02-03 16:50:00,15.830573816270721,14.86988698350884
2024-02-03 17:00:00,16.321354582456223,11.581228566953289
2024-02-03 17:10:00,17.073290524399727,12.712484133155158
2024-02-03 17:20:00,11.849801932650454,11.050464686505576
2024-02-03 17:30:00,10.65914783403564,9.027009052793893
2024-02-03 17:40:00,17.782862849441344,15.34427307116333
2024-02-03 17:50:00,17.56003833773613,17.24458229994961
2024-02-03 18:00:00,15.004022349435031,14.948163912073936
2024-02-03 18:10:00,14.895089043357803,10.917689399269815
2024-02-03 18:20:00,18.29119171369318,16.530108386511134
2024-02-03 18:30:00,18.567701559800934,13.824108049471079
2024-02-03 18:40:00,13.171075362654133,8.769589890583646
2024-02-03 18:50:00,12.679372223767265,10.709520820546578
2024-02-03 19:00:00,19.74240264542914,15.269852491453053
2024-02-03 19:10:00,16.364549662901737,14.625372091404152
2024-02-03 19:20:00,18.178383991266806,17.643180579971936
2024-02-03 19:30:00,10.929067810079893,7.517355204664068
2024-02-03 19:40:00,18.88925172928723,16.866647613340934
2024-02-03 19:50:00,11.974189486172142,11.656936451282064
2024-02-03 20:00:00,14.986199079256624,14.266188048984853
2024-02-03 20:10:00,13.927367593576022,10.088605774735013
2024-02-03 20:20:00,11.78651982417001,8.064012285197727
2024-02-03 20:30:00,15.546091782267021,12.533530923765758
2024-02-03 20:40:00,14.88296656492431,10.546483198989502
2024-02-03 20:50:00,18.41870122363357,13.955037271323407
2024-02-03 21:00:00,13.636662956842335,12.001449739052582
2024-02-03 21:10:00,11.357630212445102,6.813959789255342
2024-02-03 21:20:00,16.158025666318455,11.970527146575558
2024-02-03 21:30:00,10.707984272002074,5.731493024196354
2024-02-03 21:40:00,11.176932941701935,7.1974731687465585
2024-02-03 21:50:00,13.936326691780792,10.263001332260824
2024-02-03 22:00:00,12.323596408456613,12.275725559366302
2024-02-03 22:10:00,19.457898998630096,19.276656211828662
2024-02-03 22:20:00,19.186876754396472,14.783151792497321
2024-02-03 22:30:00,10.778233271489704,5.831179097381957
2024-02-03 22:40:00,10.81013939912694,8.198140773959214
2024-02-03 22:50:00,12.381018462674078,9.760532202396046
2024-02-03 23:00:00,10.854279189511955,8.84730684602152
2024-02-03 23:10:00,14.265843263222443,13.970299684641978
2024-02-03 23:20:00,10.480742848355783,7.094359159298223
2024-02-03 23:30:00,14.281959858308898,9.590966835855081
2024-02-03 23:40:00,12.380605458728223,9.925097205595653
2024-02-03 23:50:00,17.628575888262315,16.259577362424444
2024-02-04 00:00:00,14.06682527275984,13.440871209018749
2024-02-04 00:10:00,10.246896096954059,7.429775352746112
2024-02-04 00:20:00,16.05775719741372,11.818019432149365
2024-02-04 00:30:00,17.225107561623577,14.455657248358033
2024-02-04 00:40:00,10.109945003085981,7.218143949229536
2024-02-04 00:50:00,17.02776526713842,15.399270052892824
2024-02-04 01:00:00,17.797103455731758,13.70090463469142
2024-02-04 01:10:00,11.773142630314958,9.728082316713849
2024-02-04 01:20:00,13.78094526499401,11.352465506217694
2024-02-04 01:30:00,18.868842623145184,14.98239286482309
2024-02-04 01:40:00,16.835662692953775,12.184833897272092
2024-02-04 01:50:00,13.59722933169806,9.987732308730394
2024-02-04 02:00:00,12.569488008676384,9.311220620372366
2024-02-04 02:10:00,18.800571941779843,18.505902690447826
2024-02-04 02:20:00,16.451103657399276,11.874598326021513
2024-02-04 02:30:00,19.949885433599327,18.42353394857218
2024-02-04 02:40:00,11.903256382548028,9.399703674447064
2024-02-04 02:50:00,16.02491428621325,12.656678296630018
2024-02-04 03:00:00,18.068805382382703,16.74088464023646
2024-02-04 03:10:00,14.056679110640065,12.679869101601373
2024-02-04 03:20:00,17.634323676019193,13.670986374598158
2024-02-04 03:30:00,15.595189338237262,15.545325803237574
2024-02-04 03:40:00,10.340290976856396,10.297764740650486
2024-02-04 03:50:00,13.703746682000386,10.571849221229371
2024-02-04 04:00:00,11.400521962533045,8.442299369201702
2024-02-04 04:10:00,17.713983282949552,15.202340775844569
2024-02-04 04:20:00,14.411108023555116,12.680158005427517
2024-02-04 04:30:00,10.018313355153804,8.474057005852663
2024-02-04 04:40:00,17.982178458911797,16.87198249845793
2024-02-04 04:50:00,19.183688676563094,18.240109220345484
2024-02-04 05:00:00,10.726531941293528,9.500010246787763
2024-02-04 05:10:00,15.900055979481476,12.603977658916701
2024-02-04 05:20:00,13.285332156637116,9.801212192744881
2024-02-04 05:30:00,12.229136912245217,11.20460173583681
2024-02-04 05:40:00,12.318023609083959,11.946177772008772
2024-02-04 05:50:00,14.165369696982756,10.115858464593458
2024-02-04 06:00:00,10.806898201675772,6.804256981346612
2024-02-04 06:10:00,13.788470619051882,8.988944541081247
2024-02-04 06:20:00,17.234250559238845,16.588340697957232
2024-02-04 06:30:00,15.403371568799814,13.318380391422629
2024-02-04 06:40:00,14.021549163959648,12.909983330401408
2024-02-04 06:50:00,16.626849675587465,15.665648534633535
2024-02-04 07:00:00,18.541057587098926,13.719517394693867
2024-02-04 07:10:00,11.373889354342005,10.971193592876752
2024-02-04 07:20:00,16.168424048560677,12.00880237851852
2024-02-04 07:30:00,15.926652871542924,13.639786010924903
2024-02-04 07:40:00,19.371960327801954,15.568689579536072
2024-02-04 07:50:00,11.655765432424843,9.968914744208623
2024-02-04 08:00:00,14.461163962088975,13.763892166267924
2024-02-04 08:10:00,16.746867451319048,16.052040517644766
2024-02-04 08:20:00,15.817222386241426,12.695043306645726
2024-02-04 08:30:00,15.05540348084511,14.49110467202214
2024-02-04 08:40:00,14.591165472466384,11.13009669673707
2024-02-04 08:50:00,13.308931828253971,13.060820950086761
2024-02-04 09:00:00,11.466700812188563,9.863511046100008
2024-02-04 09:10:00,12.100081408455107,10.627889888880834
2024-02-04 09:20:00,13.603341758423777,10.510361730646157
2024-02-04 09:30:00,13.551569040910524,10.162493864239938
2024-02-04 09:40:00,10.99602715720396,7.158448641257324
2024-02-04 09:50:00,13.30377032904072,9.192553883231067
2024-02-04 10:00:00,17.44549980863629,13.367536618324397
2024-02-04 10:10:00,15.948387493349426,13.272926807232139
2024-02-04 10:20:00,18.622373921892933,17.854093646297088
2024-02-04 10:30:00,10.760009152802253,9.783477890488705
2024-02-04 10:40:00,12.73145869108823,10.742992657232323
2024-02-04 10:50:00,15.051149923105465,11.373601328994702
2024-02-04 11:00:00,12.872234656209498,8.3484061616718
2024-02-04 11:10:00,16.188740839263055,14.276531943283864
2024-02-04 11:20:00,17.59243358159525,12.604612225829541
2024-02-04 11:30:00,11.869413393200757,7.058734798963823
2024-02-04 11:40:00,12.544611505467746,12.404046639016551
2024-02-04 11:50:00,14.589913967716672,10.25181654992426
2024-02-04 12:00:00,15.355355289136549,12.458491523056107
2024-02-04 12:10:00,11.865490063501085,9.252392910062053
2024-02-04 12:20:00,10.387064649883115,6.643854112993608
2024-02-04 12:30:00,19.390994848917035,19.185690803095465
2024-02-04 12:40:00,16.572740685086558,14.589388718619261
2024-02-04 12:50:00,14.841569222351573,11.507857278077122
2024-02-04 13:00:00,15.984936584116245,15.201648759397978
2024-02-04 13:10:00,11.140944758072798,8.039988195536276
2024-02-04 13:20:00,16.950318240204812,13.117079077795514
2024-02-04 13:30:00,16.94955865315236,13.717542916981778
2024-02-04 13:40:00,17.140130369366233,16.911182027630097
2024-02-04 13:50:00,17.034999573712533,15.058972169227086
2024-02-04 14:00:00,15.567069664200792,13.751554135941058
2024-02-04 14:10:00,16.297071064082413,15.46728104264938
2024-02-04 14:20:00,18.654529376870137,16.085281755709552
2024-02-04 14:30:00,14.453557471415143,13.888246348575194
2024-02-04 14:40:00,19.558806790237135,17.407020954754536
2024-02-04 14:50:00,10.561247539218638,7.531962701132576
2024-02-04 15:00:00,11.97018573000981,10.524956407209633
2024-02-04 15:10:00,18.826949344564113,15.349112151452584
2024-02-04 15:20:00,14.042309995885635,9.820471462212048
2024-02-04 15:30:00,10.450405207982653,6.421577150568333
2024-02-04 15:40:00,12.08092271412717,9.132828957400342
2024-02-04 15:50:00,17.633961145911677,14.785853963248044
2024-02-04 16:00:00,11.583853156102371,8.988950185176435
2024-02-04 16:10:00,16.34369700003449,13.68244164612935
2024-02-04 16:20:00,19.815978645191844,15.585841701468711
2024-02-04 16:30:00,16.1638836304651,12.842276199995293
2024-02-04 16:40:00,19.874146966230516,18.89660682585622
2024-02-04 16:50:00,17.79364469072968,14.346800595176926
2024-02-04 17:00:00,15.275374058953446,13.781107307298088
2024-02-04 17:10:00,15.657320189078614,14.646764393117037
2024-02-04 17:20:00,15.678066381745785,14.546359474675132
2024-02-04 17:30:00,17.081077978229267,12.101680517736833
2024-02-04 17:40:00,11.051608859324936,10.260528181435918
2024-02-04 17:50:00,11.927038790299722,11.516767292742472
2024-02-04 18:00:00,17.914262245924917,14.104771975804713
2024-02-04 18:10:00,18.63834338816634,15.872993079828252
2024-02-04 18:20:00,13.240999617663372,10.186322602807898
2024-02-04 18:30:00,18.524987616005998,17.845780386954708
2024-02-04 18:40:00,10.245843068819541,7.813026970300449
2024-02-04 18:50:00,10.273878855140326,7.3218564778945865
2024-02-04 19:00:00,10.740717628242413,8.869447398113197
2024-02-04 19:10:00,11.139022534876666,8.355221540737356
2024-02-04 19:20:00,13.96134162032384,13.800202094226712
2024-02-04 19:30:00,12.609314908701373,9.965023979527388
2024-02-04 19:40:00,15.073015960973713,12.46871182696039
2024-02-04 19:50:00,11.930618462515485,7.151820553087684
2024-02-04 20:00:00,10.039982941591541,8.410038496105125
2024-02-04 20:10:00,16.82269975283858,16.475542310321057
2024-02-04 20:20:00,13.907459579381038,11.613280212348375
2024-02-04 20:30:00,10.976186247906801,10.504809630217993
2024-02-04 20:40:00,14.416500994631363,9.976495561916359
2024-02-04 20:50:00,13.74756433536631,12.390403037191877
2024-02-04 21:00:00,19.78178790353873,15.112752684497721
2024-02-04 21:10:00,13.661003149000399,9.274026865390933
2024-02-04 21:20:00,18.771939487808396,15.347994599826018
2024-02-04 21:30:00,19.397005092209696,15.486243590508021
2024-02-04 21:40:00,10.024885194733328,5.645542835884543
2024-02-04 21:50:00,18.76065341437301,14.218566195278989
2024-02-04 22:00:00,14.550950892647947,14.270310016219797
2024-02-04 22:10:00,16.067763397897078,13.620337415179117
2024-02-04 22:20:00,18.239848014632138,16.351248159311787
2024-02-04 22:30:00,10.991505639292182,9.66505317480312
2024-02-04 22:40:00,15.88454556152321,12.913262277018312
2024-02-04 22:50:00,17.392814322302044,16.787447410835597
2024-02-04 23:00:00,18.809099566229044,17.67388017645781
2024-02-04 23:10:00,12.88106744784717,8.59256761326629
2024-02-04 23:20:00,13.828415311981184,12.741473250718643
2024-02-04 23:30:00,18.281210317251784,17.039244313671166
2024-02-04 23:40:00,13.588305869207815,9.911630821857056
2024-02-04 23:50:00,14.898019698258976,12.24111262169261
2024-02-05 00:00:00,13.290812064737157,11.403991804478583
2024-02-05 00:10:00,15.779630189529227,10.849670452698092
2024-02-05 00:20:00,17.431701869064263,15.915361348769709
2024-02-05 00:30:00,17.60272944751701,15.651406148633685
2024-02-05 00:40:00,10.156386494166561,7.960596438067797
2024-02-05 00:50:00,15.056269108770366,11.30874121613109
2024-02-05 01:00:00,16.1905095369133,13.366649386560772
2024-02-05 01:10:00,13.434270347018895,9.362329027559412
2024-02-05 01:20:00,12.143340182306767,9.67619986565489
2024-02-05 01:30:00,18.52272322832891,16.437912282103163
2024-02-05 01:40:00,19.441236150901588,18.061581279346775
2024-02-05 01:50:00,16.553653357638566,13.527495434032536
2024-02-05 02:00:00,14.080030371126151,12.98741151502798
2024-02-05 02:10:00,16.508134414112597,16.022267662612517
2024-02-05 02:20:00,19.191168473307005,16.095576000047547
2024-02-05 02:30:00,13.77651767640335,9.13337988902789
2024-02-05 02:40:00,18.6661013083716,17.0150784786484
2024-02-05 02:50:00,16.93171983607102,14.132561921089849
2024-02-05 03:00:00,12.450278981675268,10.876444109278564
2024-02-05 03:10:00,14.216796287831897,9.626327235163268
2024-02-05 03:20:00,14.626275476199448,9.69265091952641
2024-02-05 03:30:00,18.124151520944782,15.407753433967061
2024-02-05 03:40:00,18.520896616691708,14.3323122989272
2024-02-05 03:50:00,16.894842560488584,15.046348891912093
2024-02-05 04:00:00,15.697334988915225,14.508051281874781
2024-02-05 04:10:00,12.530577701095014,11.176704936995149
2024-02-05 04:20:00,18.90110157792662,17.673750240045983
2024-02-05 04:30:00,13.684107456321914,11.335292403002317
2024-02-05 04:40:00,16.492274109480473,14.208993033831375
2024-02-05 04:50:00,18.447512408639987,16.27955876902371
2024-02-05 05:00:00,18.63185266736355,16.283046139704425
2024-02-05 05:10:00,16.52558430015599,15.886400365940542
2024-02-05 05:20:00,14.521009783406491,14.090815204840876
2024-02-05 05:30:00,19.876491172247405,15.543867943586704
2024-02-05 05:40:00,10.223744063400451,7.194035756891793
2024-02-05 05:50:00,14.507957818045737,13.570217145436722
2024-02-05 06:00:00,18.078959426762722,13.640815709397934
2024-02-05 06:10:00,18.002628007264953,17.26496737910379
2024-02-05 06:20:00,13.899130611904223,9.699920190913966
2024-02-05 06:30:00,10.00667245611385,8.77070688961944
2024-02-05 06:40:00,14.788716581571512,11.162073462041194
2024-02-05 06:50:00,17.030387960180065,13.314976950898224
2024-02-05 07:00:00,15.659976419458069,13.46265975147784
2024-02-05 07:10:00,14.125051291109486,13.164907478737447
2024-02-05 07:20:00,10.047407294451432,9.4264573029993
2024-02-05 07:30:00,14.907607318455234,14.363665991515415
2024-02-05 07:40:00,13.998203004520898,13.638011179462971
2024-02-05 07:50:00,12.228173615769284,11.634725523202697
2024-02-05 08:00:00,18.47746959532744,15.973303080653206
2024-02-05 08:10:00,18.858928228574687,18.561545678488983
2024-02-05 08:20:00,14.906688313339423,12.160098190807386
2024-02-05 08:30:00,14.56448953878185,12.90543111973675
2024-02-05 08:40:00,15.741809660649047,13.146494330385638
2024-02-05 08:50:00,18.76384866688116,16.7457695761478
2024-02-05 09:00:00,10.166870771491716,8.809347116989729
2024-02-05 09:10:00,12.172029462383598,7.444433001931425
2024-02-05 09:20:00,15.285572658793084,14.181864440633586
2024-02-05 09:30:00,10.824597475882229,10.439878905421407
2024-02-05 09:40:00,17.73403778258935,15.782332055298333
2024-02-05 09:50:00,17.558259459474556,14.357825045106544
2024-02-05 10:00:00,10.536219075662167,10.18465132694439
2024-02-05 10:10:00,16.721013819862993,13.990019129106798
2024-02-05 10:20:00,15.980965410516632,13.495792814556657
2024-02-05 10:30:00,16.730046198296666,11.836952718264897
2024-02-05 10:40:00,13.222017158786517,10.698501128299693
2024-02-05 10:50:00,18.761100124722077,15.811991345958436
2024-02-05 11:00:00,13.538560084824791,10.870879509893939
2024-02-05 11:10:00,11.454579298517553,10.087369771953876
2024-02-05 11:20:00,16.702900314770456,14.573661753042291
2024-02-05 11:30:00,13.161193091902064,8.242832141479333
2024-02-05 11:40:00,13.799008309109011,12.039585798190085
2024-02-05 11:50:00,15.082276691407538,14.244153899882992
2024-02-05 12:00:00,18.749737444655583,17.15212475615947
2024-02-05 12:10:00,18.23211916939511,16.578753464825205
2024-02-05 12:20:00,19.198305039528552,16.551434471314366
2024-02-05 12:30:00,12.57447001600302,10.079702840471398
2024-02-05 12:40:00,13.226405360195493,12.835947598913116
2024-02-05 12:50:00,10.423228578530003,5.451909489381121
2024-02-05 13:00:00,11.793669173250645,9.20059274250452
2024-02-05 13:10:00,19.896216073487338,17.158250817351057
2024-02-05 13:20:00,19.8895011160552,16.677970622603766
2024-02-05 13:30:00,15.39219549252431,11.96022266927139
2024-02-05 13:40:00,12.192125897817725,9.818324887023808
2024-02-05 13:50:00,15.623607360382785,12.00492235771397
2024-02-05 14:00:00,13.325756313744623,11.466306995847358
2024-02-05 14:10:00,17.20481617891651,15.341968018455976
2024-02-05 14:20:00,13.261470250456487,12.589561952749854
2024-02-05 14:30:00,11.536660950752127,7.328019927266329
2024-02-05 14:40:00,14.627487414611178,13.857867482861822
2024-02-05 14:50:00,19.808234950255287,18.057747846761337
2024-02-05 15:00:00,10.176982886494365,6.009961299768234
2024-02-05 15:10:00,14.237241149230154,14.00627066824218
2024-02-05 15:20:00,10.05777385585339,8.225763878851398
2024-02-05 15:30:00,10.26211959370142,5.675274712509497
2024-02-05 15:40:00,15.217248229887593,12.65031252450462
2024-02-05 15:50:00,18.287600899273322,18.28283009986045
2024-02-05 16:00:00,10.311378120957249,7.87619326549605
2024-02-05 16:10:00,10.983820042201355,7.159159009157184
2024-02-05 16:20:00,14.963517600340229,14.424312961049964
2024-02-05 16:30:00,15.493711683633764,15.192708442532819
2024-02-05 16:40:00,14.966175623804304,13.55881058831805
2024-02-05 16:50:00,16.751388938905887,14.81138345992797
2024-02-05 17:00:00,19.262940042549776,17.723519150909013
2024-02-05 17:10:00,18.473706629756272,17.702238912230914
2024-02-05 17:20:00,17.5849573105962,15.624412295379654
2024-02-05 17:30:00,14.93325744880386,10.918663454843788
2024-02-05 17:40:00,16.27575162971742,11.976970536582458
2024-02-05 17:50:00,18.28677043472191,15.017697993942733
2024-02-05 18:00:00,12.173596774161355,8.10749481814211
2024-02-05 18:10:00,11.234863513766676,10.118045885039503
2024-02-05 18:20:00,18.790014036961516,16.376397586895944
2024-02-05 18:30:00,14.687127775729836,10.994718829125333
2024-02-05 18:40:00,13.73622199038686,11.93922538558226
2024-02-05 18:50:00,11.123731029508843,6.409602464747305
2024-02-05 19:00:00,13.34232112164592,10.938599934744506
2024-02-05 19:10:00,15.04377162727125,11.19720662286873
2024-02-05 19:20:00,14.801550311488114,10.102706126461422
2024-02-05 19:30:00,18.504449648552715,15.672771559075196
2024-02-05 19:40:00,14.620568481594333,10.98055324561699
2024-02-05 19:50:00,17.986180956526933,15.62128725612724
2024-02-05 20:00:00,15.07163137667511,13.924883939706033
2024-02-05 20:10:00,16.80631743041647,14.273825994044099
2024-02-05 20:20:00,15.150621574216594,12.768139546302748
2024-02-05 20:30:00,14.175243338801192,13.4808757653997
2024-02-05 20:40:00,19.161553282620595,15.95788273552943
2024-02-05 20:50:00,14.888001122814389,14.447836198767032
2024-02-05 21:00:00,10.424271325073551,8.346087135615063
2024-02-05 21:10:00,11.496911464504597,7.863687488741457
2024-02-05 21:20:00,15.765846501550506,12.25376283097263
2024-02-05 21:30:00,15.626470894457068,14.458839439846141
2024-02-05 21:40:00,19.010034855021182,18.79176192599532
2024-02-05 21:50:00,17.22212402840674,16.127859002123696
2024-02-05 22:00:00,11.986089225942656,8.771206360111066
2024-02-05 22:10:00,18.305247930788198,18.241968536583403
2024-02-05 22:20:00,15.422581716850942,13.909068543633868
2024-02-05 22:30:00,14.697018458660086,9.786647361728587
2024-02-05 22:40:00,13.10925588785434,11.110418880535635
2024-02-05 22:50:00,10.268673544203061,5.787630294675192
2024-02-05 23:00:00,17.9575616423185,17.25534488235021
2024-02-05 23:10:00,18.43570093682827,16.42742560551891
2024-02-05 23:20:00,19.236532028002532,17.853159425471517
2024-02-05 23:30:00,12.097463089468334,9.898124268942915
2024-02-05 23:40:00,12.47508416895397,10.20249261087973
2024-02-05 23:50:00,15.449679784367692,10.491173158821166
2024-02-06 00:00:00,14.31555250456175,11.017617122494821
2024-02-06 00:10:00,19.47870294362087,16.85948522811155
2024-02-06 00:20:00,13.24641161524383,10.579879454644974
2024-02-06 00:30:00,15.562600146847249,12.298612535076106
2024-02-06 00:40:00,12.30721504501881,11.596005503655553
2024-02-06 00:50:00,13.931468984274971,11.994604998877906
2024-02-06 01:00:00,16.260554008317904,12.714776032193743
2024-02-06 01:10:00,17.743328648053314,16.482346086342563
2024-02-06 01:20:00,14.142237035206792,9.893911376394646
2024-02-06 01:30:00,10.620074640255508,9.681163180410735
2024-02-06 01:40:00,11.720413769000546,10.37119525720733
2024-02-06 01:50:00,15.62262197169921,11.004650237989097
2024-02-06 02:00:00,13.789581938445757,12.502979772398806
2024-02-06 02:10:00,12.452187682106022,10.025382180910315
2024-02-06 02:20:00,10.145621155843997,6.124013434002556
2024-02-06 02:30:00,18.580757000558748,18.172502462498755
2024-02-06 02:40:00,18.818727068552278,17.3566176990349
2024-02-06 02:50:00,12.787799647605631,12.125936020252729
2024-02-06 03:00:00,13.652826554653737,12.88757699516016
2024-02-06 03:10:00,15.896137830409819,14.428529974144055
2024-02-06 03:20:00,18.7860618464727,17.540609657040683
2024-02-06 03:30:00,17.020989684451322,13.191061642619875
2024-02-06 03:40:00,15.282218578142164,10.669734260021464
2024-02-06 03:50:00,12.218276706537976,10.996008084357307
2024-02-06 04:00:00,15.87733937812797,12.589050568044375
2024-02-06 04:10:00,11.691867325783647,11.132778226698285
2024-02-06 04:20:00,13.659604763876553,9.430909721444905
2024-02-06 04:30:00,15.927337734783503,11.844475760161849
2024-02-06 04:40:00,17.52435737452294,13.815148451484145
2024-02-06 04:50:00,14.242787138684719,10.611650543581622
2024-02-06 05:00:00,17.364455279968116,15.392834494853954
2024-02-06 05:10:00,19.91861497261556,17.21456875461349
2024-02-06 05:20:00,18.29989369870499,16.89735771184835
2024-02-06 05:30:00,18.73401217032976,15.509004726859512
2024-02-06 05:40:00,18.452207327981352,14.304884546402816
2024-02-06 05:50:00,18.46659705387264,14.647963366185506
2024-02-06 06:00:00,10.72347012675015,10.056043892134387
2024-02-06 06:10:00,19.125713294858805,18.40326833743688
2024-02-06 06:20:00,15.79300357865812,14.248269873169246
2024-02-06 06:30:00,15.880945066413027,13.5186276626202
2024-02-06 06:40:00,12.624223275694549,12.10292512736113
2024-02-06 06:50:00,10.625174535358951,6.7132284082816005
2024-02-06 07:00:00,14.340639382452888,10.883515412835573
2024-02-06 07:10:00,15.326452772088023,10.51476003596416
2024-02-06 07:20:00,11.390116399337629,9.282602112654518
2024-02-06 07:30:00,16.80334389810941,12.272424282087309
2024-02-06 07:40:00,19.833972200082144,18.554203766062876
2024-02-06 07:50:00,17.478154997689437,16.64923716718898
2024-02-06 08:00:00,15.640428274339602,12.600297754759499
2024-02-06 08:10:00,11.908636262156826,9.347847501295627
2024-02-06 08:20:00,19.979183091928377,18.47350124329069
2024-02-06 08:30:00,17.505618891341918,15.259123104029714
2024-02-06 08:40:00,16.803133785852022,13.810015268070618
2024-02-06 08:50:00,16.859740996471913,16.29002231932874
2024-02-06 09:00:00,12.91414031152968,9.456189546646215
2024-02-06 09:10:00,10.034182435016012,9.273713962686383
2024-02-06 09:20:00,15.668070912618735,14.630349749606939
2024-02-06 09:30:00,18.10745949388317,14.098289309002423
2024-02-06 09:40:00,19.349261393525737,18.289282553890676
2024-02-06 09:50:00,16.064597648651663,13.942139820097234
2024-02-06 10:00:00,14.775146455862359,11.867707669901511
2024-02-06 10:10:00,15.163927689040204,11.134959529134377
2024-02-06 10:20:00,19.612764367721738,19.16974684450241
2024-02-06 10:30:00,14.617677392531997,10.832527287761504
2024-02-06 10:40:00,16.765463303234448,14.498348257005008
2024-02-06 10:50:00,19.65453417042893,15.806950936174264
2024-02-06 11:00:00,11.763466480845446,7.393670096618183
2024-02-06 11:10:00,16.00781048296218,12.797760543726177
2024-02-06 11:20:00,10.464009056324912,6.209437950422938
2024-02-06 11:30:00,13.152765064426188,10.766490647094072
2024-02-06 11:40:00,18.39430889851895,17.874157650773615
2024-02-06 11:50:00,13.21287120306501,10.61674541112852
2024-02-06 12:00:00,11.136678374151327,8.006239733152908
2024-02-06 12:10:00,18.921111508273082,18.459443234582647
2024-02-06 12:20:00,10.388299330231254,9.891821687663532
2024-02-06 12:30:00,14.182497230651272,11.437488945040956
2024-02-06 12:40:00,18.156758383108688,15.236753882036009
2024-02-06 12:50:00,19.812707253368046,15.241083524725095
2024-02-06 13:00:00,19.961313770719173,17.098766931813707
2024-02-06 13:10:00,16.586216635257603,15.677846965169543
2024-02-06 13:20:00,17.340684633551763,15.267315134196467
2024-02-06 13:30:00,10.097383001602138,7.760692703803214
2024-02-06 13:40:00,11.060760744675486,8.167270996379827
2024-02-06 13:50:00,19.888304818880098,15.822808875052269
2024-02-06 14:00:00,15.621505547576767,12.96080704725137
2024-02-06 14:10:00,19.939602382508888,18.225637771938345
2024-02-06 14:20:00,10.982261742609507,6.5569170503055165
2024-02-06 14:30:00,17.895547331447553,14.033036035341674
2024-02-06 14:40:00,18.4293097267824,15.078945407842788
2024-02-06 14:50:00,10.168995201489473,6.520560286319137
2024-02-06 15:00:00,14.962341837316501,13.026773491083599
2024-02-06 15:10:00,13.558303600023422,9.817104425089406
2024-02-06 15:20:00,17.20476974273275,14.813757081011088
2024-02-06 15:30:00,18.711270960102883,17.165890450437313
2024-02-06 15:40:00,18.16276063706468,17.908767615751568
2024-02-06 15:50:00,14.508841989951705,13.736221655155157
2024-02-06 16:00:00,14.391540266230201,12.750352820498822
2024-02-06 16:10:00,15.55691269624698,12.47154006547583
2024-02-06 16:20:00,14.297601208351232,11.345013336061871
2024-02-06 16:30:00,15.319901595741829,13.744035105016243
2024-02-06 16:40:00,17.90581949741259,15.79011889307402
2024-02-06 16:50:00,12.116873837140869,10.885755480397926
2024-02-06 17:00:00,13.821408761326737,13.518484024622968
2024-02-06 17:10:00,19.61146286727721,18.668874526350965
2024-02-06 17:20:00,19.753113059272195,16.56124430503072
2024-02-06 17:30:00,10.361718433792127,10.302923990797895
2024-02-06 17:40:00,12.599343258178635,10.131549537958307
2024-02-06 17:50:00,15.189696623512253,11.921870546804886
2024-02-06 18:00:00,10.635689914119062,9.667640538230891
2024-02-06 18:10:00,13.276097780549456,9.559546327431192
2024-02-06 18:20:00,12.073254995872505,9.736097154571578
2024-02-06 18:30:00,10.349572168283498,9.009769568156594
2024-02-06 18:40:00,10.382165630604797,6.928366204599053
2024-02-06 18:50:00,18.451376872038807,16.392012434999405
2024-02-06 19:00:00,13.529975975890306,11.46885779283848
2024-02-06 19:10:00,19.202241739791116,16.9711276932993
2024-02-06 19:20:00,14.553232857382564,13.04795141995382
2024-02-06 19:30:00,13.846156449552822,13.635478768063681
2024-02-06 19:40:00,16.22797897745628,14.677728673927422
2024-02-06 19:50:00,19.874615947419393,18.136494284643657
2024-02-06 20:00:00,17.703484851210664,15.478455447676106
2024-02-06 20:10:00,16.554019442094436,12.918704499606566
2024-02-06 20:20:00,18.973632132882756,14.561485745111742
2024-02-06 20:30:00,14.58810372854187,10.110121890174266
2024-02-06 20:40:00,13.764861765912304,12.075007855645236
2024-02-06 20:50:00,10.098930467591769,6.89911825410067
2024-02-06 21:00:00,11.347574626287802,7.186488503631021
2024-02-06 21:10:00,15.697614708790956,11.927274830582702
2024-02-06 21:20:00,18.410965287464,16.05426466156211
2024-02-06 21:30:00,12.749351383422846,10.408794256339442
2024-02-06 21:40:00,10.684632105636183,6.74542793926993
2024-02-06 21:50:00,16.40455080805589,11.889241510452699
2024-02-06 22:00:00,11.345727404170647,7.775902217140799
2024-02-06 22:10:00,18.29801189637118,14.317615004485152
2024-02-06 22:20:00,19.838238587671924,18.29498038279838
2024-02-06 22:30:00,14.100607508509672,11.405990778040513
2024-02-06 22:40:00,13.065608381111215,8.391819697630002
2024-02-06 22:50:00,10.263855249102027,7.453101704123979
2024-02-06 23:00:00,19.608604212222666,18.569773762972424
2024-02-06 23:10:00,17.944178591283862,14.987328085912232
2024-02-06 23:20:00,11.390283486350691,6.8191748880503695
2024-02-06 23:30:00,14.689737343221482,11.038844367224796
2024-02-06 23:40:00,11.40701637698024,7.2369055279367425
2024-02-06 23:50:00,13.244696319476787,9.69154898560198
2024-02-07 00:00:00,15.469116490117592,13.219336171176439
2024-02-07 00:10:00,15.244247610910183,12.35080121562103
2024-02-07 00:20:00,16.3912999176378,12.944893778695148
2024-02-07 00:30:00,11.705457878360939,7.293726818042583
2024-02-07 00:40:00,16.790760536832092,13.447712075485896
2024-02-07 00:50:00,15.426123450334334,12.336874038765767
2024-02-07 01:00:00,13.790735471259556,9.578420222433946
2024-02-07 01:10:00,19.96315796175291,19.176488222301764
2024-02-07 01:20:00,15.75567788462131,14.028019025983575
2024-02-07 01:30:00,15.317596881711118,12.1700671669499
2024-02-07 01:40:00,12.995228806208454,10.217348496778623
2024-02-07 01:50:00,11.972347600815421,11.108922441120246
2024-02-07 02:00:00,13.973331936007519,12.83956975547727
2024-02-07 02:10:00,14.543729113221541,11.543848706344537
2024-02-07 02:20:00,17.28675460919756,16.147541466624553
2024-02-07 02:30:00,19.400079434260107,19.20117006471047
2024-02-07 02:40:00,10.677300982404768,7.202434664113133
2024-02-07 02:50:00,10.982930521211909,6.039702151268747
2024-02-07 03:00:00,19.276778513058545,16.074736770573242
2024-02-07 03:10:00,10.643436640812281,6.663026679370678
2024-02-07 03:20:00,16.463502978325025,12.903293884210985
2024-02-07 03:30:00,11.564973839752163,9.92756215389866
2024-02-07 03:40:00,11.360644321340397,6.497394296768931
2024-02-07 03:50:00,11.051743477641113,8.141216426943675
2024-02-07 04:00:00,17.52587518602889,16.360602405753745
2024-02-07 04:10:00,12.950322132941157,9.077328165366435
2024-02-07 04:20:00,12.526307148700564,10.88342722611505
2024-02-07 04:30:00,18.7773188803913,18.548344099678474
2024-02-07 04:40:00,12.838371704840222,8.790613775226216
2024-02-07 04:50:00,16.44083516047137,15.392453802794979
2024-02-07 05:00:00,16.221902657978184,13.50774158474274
2024-02-07 05:10:00,17.698992513725475,16.30197350279192
2024-02-07 05:20:00,14.72372672397801,14.317695116949578
2024-02-07 05:30:00,12.00811983496521,8.287070939831647
2024-02-07 05:40:00,10.093438084372778,6.977793713541384
2024-02-07 05:50:00,17.452336106254958,15.92137644546742
2024-02-07 06:00:00,10.386065167245746,7.327107984741884
2024-02-07 06:10:00,17.191999073790097,14.494527835686688
2024-02-07 06:20:00,12.021575875946073,8.678916121336078
2024-02-07 06:30:00,14.09681321487233,11.984371298341339
2024-02-07 06:40:00,15.628683461758403,14.717711689598787
2024-02-07 06:50:00,12.734656390852319,12.27260317648858
2024-02-07 07:00:00,17.394343396726807,16.57159165029317
2024-02-07 07:10:00,17.989976073756527,16.00301302013784
2024-02-07 07:20:00,13.745235485767992,9.272029089094552
2024-02-07 07:30:00,11.934907393331741,9.903899203182977
2024-02-07 07:40:00,16.970403128496287,16.905902121108678
2024-02-07 07:50:00,12.684409644654188,10.457304064700626
2024-02-07 08:00:00,10.301711961030444,7.927011334282754
2024-02-07 08:10:00,10.595830095468276,7.431903854464689
2024-02-07 08:20:00,18.289408206275382,17.648696834154016
2024-02-07 08:30:00,11.719653583373251,10.776658855315185
2024-02-07 08:40:00,19.19940430399832,18.803180650104665
2024-02-07 08:50:00,15.51293331140896,14.161708767517228
2024-02-07 09:00:00,16.208039100432444,14.077997746924021
2024-02-07 09:10:00,10.424636836127876,10.24544755139382
2024-02-07 09:20:00,15.104653324240841,14.212396350238299
2024-02-07 09:30:00,14.274135722673467,13.70057810400805
2024-02-07 09:40:00,14.741122674545274,13.589794099444171
2024-02-07 09:50:00,13.016063995501508,10.866360905921086
2024-02-07 10:00:00,18.910534717810307,18.508430288857248
2024-02-07 10:10:00,14.042187344392651,13.280981264424478
2024-02-07 10:20:00,12.802939453550557,7.888216947218174
2024-02-07 10:30:00,10.348361353858639,10.30485390355244
2024-02-07 10:40:00,14.689030179173052,11.597560851521042
2024-02-07 10:50:00,19.349534979481962,17.156363930857815
2024-02-07 11:00:00,10.54554999896905,9.867983727147957
2024-02-07 11:10:00,17.646109157712587,16.780999060366312
2024-02-07 11:20:00,16.30391201742091,14.34832264198576
2024-02-07 11:30:00,18.743378544522947,17.94594138579234
2024-02-07 11:40:00,16.624516416437878,12.455811227015966
2024-02-07 11:50:00,15.57530085971433,10.75155648228629
2024-02-07 12:00:00,12.137579268218012,10.096404440197206
2024-02-07 12:10:00,11.990780153452587,10.314020552110753
2024-02-07 12:20:00,14.210289267857547,11.141901440004576
2024-02-07 12:30:00,15.58077879414769,12.51706215857691
2024-02-07 12:40:00,11.071426124479546,7.703263540287692
2024-02-07 12:50:00,13.926594446203744,13.790688008569239
2024-02-07 13:00:00,17.848657432615447,13.482605218696257
2024-02-07 13:10:00,13.415202164881542,8.85244608372771
2024-02-07 13:20:00,16.33393119768776,15.863198626635327
2024-02-07 13:30:00,16.91164639088246,12.804690569042073
2024-02-07 13:40:00,17.448634327110177,14.077750785804067
2024-02-07 13:50:00,16.597532559201884,12.833647601721268
2024-02-07 14:00:00,15.57928079774681,12.753892421395738
2024-02-07 14:10:00,14.536468495527165,12.769852880168425
2024-02-07 14:20:00,10.36470229220851,8.67459706023476
2024-02-07 14:30:00,15.472203540597235,15.294588718286029
2024-02-07 14:40:00,15.814296977753244,11.983824453923736
2024-02-07 14:50:00,14.998798017763129,14.95981941145058
2024-02-07 15:00:00,13.983473092867822,9.525917391397591
2024-02-07 15:10:00,10.965311209850759,8.833947374571096
2024-02-07 15:20:00,18.666931408369496,16.30412255885674
2024-02-07 15:30:00,16.703481000762444,14.971797067696501
2024-02-07 15:40:00,18.832097313825862,16.50248805973232
2024-02-07 15:50:00,13.297847251534858,12.238721496511788
2024-02-07 16:00:00,10.892915325363182,9.049034695487649
2024-02-07 16:10:00,12.068166209737317,7.434483515703025
2024-02-07 16:20:00,11.929614806710278,7.551277789113021
2024-02-07 16:30:00,14.674428762136712,10.538484552300158
2024-02-07 16:40:00,13.933863222258136,12.16023458403968
2024-02-07 16:50:00,16.808819479921205,13.425107783413463
2024-02-07 17:00:00,13.411703676965518,11.59134408299609
2024-02-07 17:10:00,19.46116493820105,16.27096660849675
2024-02-07 17:20:00,17.796837819252463,16.182738569431553
2024-02-07 17:30:00,10.573798704971255,9.633511593324632
2024-02-07 17:40:00,15.709986965242187,14.035453835711
2024-02-07 17:50:00,17.883646309151157,14.208939343504662
2024-02-07 18:00:00,18.19271535641976,16.889856699117082
2024-02-07 18:10:00,14.035529627383179,12.790762489126225
2024-02-07 18:20:00,17.300190730745584,14.997244173235948
2024-02-07 18:30:00,11.802603694699918,9.669543925876889
2024-02-07 18:40:00,19.6181062612183,17.517238857427337
2024-02-07 18:50:00,13.570416777349967,10.943203430174675
2024-02-07 19:00:00,15.461011913830758,10.951860905454783
2024-02-07 19:10:00,12.63128345710638,7.66098282409122
2024-02-07 19:20:00,15.275908224876744,15.27006439836211
2024-02-07 19:30:00,13.055012740491808,10.442266127611681
2024-02-07 19:40:00,13.524040455305993,12.997451370022763
2024-02-07 19:50:00,16.76807912002303,16.517229810504073
2024-02-07 20:00:00,11.9979431100279,10.706738695580212
2024-02-07 20:10:00,17.575743373574223,16.712513722367593
2024-02-07 20:20:00,19.98542852668944,19.115357629995582
2024-02-07 20:30:00,18.34794503624824,14.060576967919454
2024-02-07 20:40:00,14.049850244959837,12.961970516683746
2024-02-07 20:50:00,15.273613549472909,10.284375002549844
2024-02-07 21:00:00,15.866571942342151,12.49096320891333
2024-02-07 21:10:00,19.674080256131525,16.135573322480976
2024-02-07 21:20:00,13.29517545047257,8.720297562510947
2024-02-07 21:30:00,18.41730759534969,17.512679913846483
2024-02-07 21:40:00,10.045105119071042,5.491652368266818
2024-02-07 21:50:00,14.129687594375715,13.735032723008668
2024-02-07 22:00:00,10.27572333302749,6.488613619214048
2024-02-07 22:10:00,12.76745528461229,11.140001147101929
2024-02-07 22:20:00,14.415848892493763,12.58669649926882
2024-02-07 22:30:00,13.061609805816389,10.810932767931765
2024-02-07 22:40:00,19.82116490470886,15.135572647038394
2024-02-07 22:50:00,12.117156479494207,8.634828984649678
2024-02-07 23:00:00,12.435107469796797,11.483080481015632
2024-02-07 23:10:00,14.89330393729677,13.085051548675231
2024-02-07 23:20:00,16.32773486874452,13.033329987336465
2024-02-07 23:30:00,10.023598109402224,8.556281448475037
2024-02-07 23:40:00,13.137078545138134,12.81388301212285
2024-02-07 23:50:00,14.155567206549986,13.232991466527398
